OperatorName,num_disclosures
"EOG Resources, Inc.",943
XTO Energy/ExxonMobil,737
Anadarko Petroleum Corporation,635
Pioneer Natural Resources,609
"Chesapeake Operating, Inc.",590
Devon Energy Production Company L. P.,577
Occidental Oil and Gas,533
ConocoPhillips Company/Burlington Resources,443
Apache Corporation,414
Marathon Oil,401
"Continental Resources, Inc",369
Chevron USA Inc.,336
COG Operating LLC,324
Diamondback E&P LLC,290
Aera Energy LLC,275
Southwestern Energy,268
WPX Energy,223
Whiting Petroleum,214
Encana Oil & Gas (USA) Inc.,211
MEWBOURNE OIL COMPANY,206
Hess Corporation,206
EQT Production,202
SM Energy,200
SandRidge Energy,199
"Noble Energy, Inc.",196
PDC Energy,187
Newfield Exploration,184
Endeavor Energy Resources,180
Cimarex Energy Co.,170
Antero Resources Corporation,157
BHP Billiton Petroleum,146
"CrownQuest Operating, LLC",145
Blackbeard Operating,145
EP Energy,143
Range Resources Corporation,139
QEP Energy Company,129
Shell Oil Company affiliate,126
Energen Resources Corporation,116
"Ascent Resources - Utica, LLC",114
"EnerVest, Ltd.",112
"Parsley Energy Operations, LLC",103
Cabot Oil & Gas Corp,103
EXTRACTION OIL & GAS LLC,102
Murphy Exploration and Production USA,99
Oasis Petroleum,98
"Laredo Petroleum, Inc.",96
Ultra Resources,94
Matador Production Company,93
Lewis Energy Group,91
Ovintiv USA Inc.,88
BP America Production Company,86
"Bayswater Exploration & Production, LLC",81
Hilcorp Energy Company,80
"Carrizo Oil & Gas, Inc.",79
"Bonanza Creek Energy, Inc.",77
BPX Operating Company,75
"Trinity Operating (USG), LLC",74
Aethon Energy Operating LLC,74
Callon Petroleum Operating Company,73
"Fasken Oil and Ranch, Ltd.",72
Comstock Oil & Gas,72
Hunt Oil Company,69
Citation Oil and Gas Corp.,69
"Permian Resources Operating, LLC",68
Crescent Point Energy US Corp,68
TEP Rocky Mountain LLC,67
"Ring Energy, Inc.",65
"Surge Operating, LLC",63
"Linn Energy, LLC",62
Crestone Peak Resources,62
"Birch Operations, Inc.",62
"Great Western Oil & Gas Company, LLC",61
"EXCO Resources, Inc.",60
Scout Energy Partners,59
Bill Barrett Corp,59
Seneca Resources Corporation,57
Gulfport Energy Corporation,57
"Alta Mesa Services, LP",54
Caerus Oil and Gas LLC,53
Kraken Operating LLC,52
Statoil Oil & Gas LP,51
Penn Virginia Corporation,51
"Slawson Exploration Company, Inc.",49
Rosetta Resources,49
CONSOL Energy Inc.,49
"Omni Oil & Gas, Inc.",48
Enerplus Resources (USA) Corporation,45
EAP Ohio LLC,45
"Chaparral Energy, LLC",45
"Sheridan Production Company, LLC",44
"Petro Hunt, L.L.C.",44
Tap Rock Resources,43
Summit Petroleum LLC,42
Athlon Energy Operating LLC,42
Midstates Petroleum Company,41
"Centennial Resource Production, LLC",41
"HighPeak Energy Holdings, LLC.",40
Synergy Resources Corporation,39
Unit Petroleum,38
Sabine Oil & Gas Corporation,37
Magnolia Oil & Gas LLC,37
"SN EF Maverick, LLC",36
Henry Resources LLC,36
Talisman Energy USA Inc.,35
Samson,35
Mach Resources,35
LeNorman Operating LLC,35
"Finley Resources, Inc.",35
Chief Oil & Gas,35
Anschutz Exploration Corporation,35
WildHorse Resources LLC,34
Indigo Minerals,34
"Civitas Permian Operating, LLC",34
Verdun Oil Company,33
Rockcliff Energy Operating,33
"PennEnergy Resources, LLC",33
Delta Oil & Gas Ltd.,33
"RSP Permian, LLC",32
Merit Energy Company LLC,32
Jones Energy llc,32
"BKV Barnett, LLC",32
"Atlas Energy, L.P.",32
Jonah Energy LLC,31
Wexpro Company,30
Rosewood Resources,30
Kodiak Oil & Gas Corp,29
"Earthstone Operating, LLC",29
"Repsol O&G, LLC.",28
CNX Gas Company LLC,28
Ursa Operating Company LLC,27
Sanchez Oil & Gas Corporation,27
"SEM Operating Company, LLC",27
"Laramie Energy, LLC",27
RKI Exploration & Production,26
"Lime Rock Resources, LP",26
Javelin Energy Partners Management LLC,26
Citizen Energy II,26
BTA Oil Producers LLC,26
"Middle Fork Energy Parterns, LLC",25
Discovery Natural Resources LLC,25
"Clayton Williams Energy, Inc.",25
SilverBow Resources,24
"Grit Oil and Gas Management, LLC",24
DE IV Operating LLC,24
Berry Petroleum,24
Vine Oil & Gas LP,23
"Tanos Exploration II, LLC",23
Mack Energy Co.,23
"Eclipse Resources I, LP",23
BKV Corporation,23
FourPoint Energy,22
Approach Resources,22
"Uinta Wax Operating, LLC",21
Triple Crown Resources,21
Snyder Brothers Inc.,21
Legacy Reserves Operating LP,21
J CLEO THOMPSON,21
"Hinkle Oil & Gas, Inc.",21
"chisholm Oil and Gas Operating, LLC",20
"TEP Barnett USA, LLC",20
"Reliance Energy, Inc",20
Ovintiv Mid-Continent Inc.,20
"Jetta Operating Company, Inc",20
Halcon Resources Corporation,20
COTERRA ENERGY INC.,20
BreitBurn,20
"SN Operating, LLC",19
PetroQuest Energy LLC,19
Pennsylvania General Energy,19
"PRI Operating, LLC",19
"Juno Operating Company II, LLC",19
"Hawkwood Energy Operating, LLC",19
"Grayson Mill Operating, LLC",19
Statoil Texas Onshore Properties LLC,18
"OxyRock Operating, LLC",18
"Hadaway Consulting and Engineering, LLC",18
"FIML Natural Resources, LLC",18
Enduring Resources LLC,18
DE3 Operating LLC,18
"Berry Petroleum Company, LLC",18
"Swift Energy Operating, LLC",17
Sundance Energy,17
Laramie Energy LLC,17
"FELIX ENERGY HOLDINGS II, LLC",17
Expand Operating LLC,17
"Discovery Operating, Inc.",17
"Custer & Wright Operating, Inc",17
Bison IV Operating LLC,17
Valence Operating Company,16
"Steward Energy II, LLC",16
Sable Permian Resources,16
Rex Energy,16
Resolute Natural Resources,16
Kaiser-Francis Oil Company,16
"G3 Operating, LLC.",16
Franklin Mountain Energy,16
"Calyx Energy III, LLC",16
"Zavanna, LLC",15
Vital Energy,15
Verdad Oil and Gas Corporation,15
Tapstone Energy,15
Stronghold Energy II Operating LLC,15
Sabinal Energy,15
Northeast Natural Energy LLC,15
"Newark E&P Operating, LLC",15
"Longfellow Energy, LP",15
"Hannathon Petroleum, LLC",15
Forest Oil Corporation,15
"DJR OPERATING, LLC",15
Cheyenne Petroleum Company,15
XCL Resources,14
Three Rivers Operating Co II LLC,14
Texas American Resources Company,14
"Samson Exploration, LLC",14
Sabine Oil & Gas LLC,14
"Rover Petroleum Operating, LLC",14
Jagged Peak Energy,14
"GLB Exploration, Inc.",14
FireBird Energy II LLC,14
"Denbury Onshore, LLC",14
COBRA OIL & GAS CORPORATION,14
"Burnett Oil Co., Inc.",14
1859 Operating LLC,14
"White Rock Oil & Gas, LLC",13
"W&T Offshore, Inc.",13
Vantage Fort Worth Energy LLC,13
Unitex Oil Company,13
Triangle USA Petroleum Corporation,13
TG Natural Resources LLC,13
Stonegate Production,13
"Piceance Energy, LLC",13
"Permian Deep Rock Oil Co., LLC",13
"Kodiak Oil & Gas, Inc.",13
HighPoint Operating Corporation,13
"Hibernia Resources, LLC",13
"Headington Energy Partners, LLC",13
"GEP HAYNESVILLE, LLC",13
"FourPoint Energy, LLC",13
Ensign Operating LLC,13
Energy Corporation of America,13
"Elevation Resources, LLC",13
"Camino Natural Resources, LLC",13
"Tug Hill Operating, LLC",12
Spur Energy Partners,12
"Silver Hill Operating, LLC",12
"Rosehill Operating Company, LLC",12
Roan Resources LLC,12
"Petroglyph Operating Company, Inc.",12
"PetroLegacy Energy II, LLC",12
"Paloma Operating Co, Inc",12
"Goodrich Petroleum Company, LLC",12
"BlackBrush O & G, LLC",12
American Energy Permian Basin,12
Abraxas Petroleum Corporation,12
"White Star Petroleum, LLC",11
"Titus Oil & Gas Production, LLC",11
"Texland Petroleum, LP",11
"Rice Drilling B, LLC",11
"Kimmeridge Texas Gas, LLC",11
Fidelity Exploration & Production,11
Evergreen Natural Resources LLC,11
Escondido Resources Oper Co,11
"CPRP Services, LLC",11
Bridwell Oil Company,11
"American Energy - Woodford, LLC",11
Verdad Resources LLC,10
"Travis Peak Resources, LLC",10
Stone Energy Corporation,10
Saga Petroleum LLC,10
Rose City Resources,10
Red Rocks Oil & Gas Operating LLC,10
"Petrobal Omega 1, LLC",10
"Patriot Resources, Inc.",10
MRD OPERATING LLC,10
Kinder Morgan,10
"HRC Operating, LLC.",10
"GulfTex Energy, LLC",10
Guidon Energy Management Services LLC,10
"GEP HAYNESVILLE II, LLC",10
"Endeavor Natural Gas, LP",10
Capitan Energy INC,10
Ameredev Operations LLC,10
WildFire Energy Operating LLC,9
Slant Operating,9
"Silver Creek Oil & Gas, LLC",9
SRC ENERGY,9
"SHERIDAN PRODUCTION CO III, LLC",9
"Range Louisiana Operating, LLC",9
QB Energy Operating LLC,9
"Piedra Operating, LLC",9
PPC Operating Company LLC,9
"Novo Oil & Gas Texas, LLC",9
Merit Energy Company,9
"Liberty Resources Management Company, LLC",9
LCS Production Company,9
HighMount Exploration & Production,9
"Fulcrum Exploration, LLC.",9
"Four Corners Petroleum II, LLC",9
"Forge Energy, LLC",9
Cimarex Energy Co. of Colorado,9
"Casillas Operating, LLC",9
Brigadier Operating LLC,9
Bravo Arkoma LLC,9
"Aruba Petroleum, Inc.",9
Advance Energy Partners Hat Mesa LLC,9
"Admiral Permian Resources, LLC",9
Warwick Investment Group,8
"Vencer Energy, LLC",8
UpCurve Energy LLC,8
U.S. Energy Development Corp.,8
"Texas Energy Holdings, Inc.",8
Sanguine Gas Exploration,8
"Sabalo Operating, LLC",8
"RP Operating, LLC",8
Pride Energy Company,8
Plains Exploration & Production Company,8
Phoenix Operating LLC,8
Parallel Petroleum LLC,8
Pantera Energy Company,8
"Paloma Natural Gas, LLC",8
"Mid-Con Energy Operating, LLC",8
Mallard Exploration,8
"INPEX Eagle Ford, LLC",8
"Hilcorp Alaska, LLC",8
"GHA Barnett, LLC",8
Freeport-McMoRan Oil & Gas,8
"Foreland Operating, LLC",8
"Cub Creek Energy, LLC",8
"Compass Energy Operating, LLC",8
"Colgate Operating, LLC",8
Chord Energy,8
"Charter Oak Production Co., LLC",8
"Boyd & McWilliams Operating, LLC",8
"Basin Oil and Gas Operating, LLC",8
Alta Resources,8
"Ageron Energy, LLC.",8
"Zenergy, Inc.",7
"Willowbend Investments, Inc.",7
Sundown Energy L.P.,7
Sage Natural Resources,7
"Rio Oil and Gas, LLC",7
"RimRock Oil and Gas Willison, LLC",7
"Riley Permian Operating Company, LLC",7
"Red Fork (USA) Investments, Inc.",7
"PetroShale (US), Inc.",7
"Peregrine Petroleum Partners, LTD",7
"Percussion Petroleum II, LLC",7
"Nine Point Energy, LLC",7
"Murchison Oil and Gas, LLC",7
Manti Tarka Permian,7
Mack Energy Corporation,7
Lance Ruffel Oil and Gas,7
"Juno Operating Company III, LLC",7
Greenlake Energy Operating,7
"ExL Petroleum, LP",7
"Energy & Exploration Partners Operating, LP",7
Emerald Oil Inc,7
"Element Petro Operating II, LLC",7
"EdgeMarc Energy Holdings, LLC",7
Duncan Oil Properties,7
"Crescent Pass Energy, LLC",7
"C. E. Harmon Oil, Inc.",7
Bluefin Resources LLC,7
"Aztec Drilling & Operating, LLC",7
"Avant Operating, LLC",7
Arsenal Resources,7
"Anschutz Oil Company, LLC",7
American Eagle Energy Corporation,7
W.T. Waggoner Estate,6
Urban Oil and Gas Group,6
Triad Hunter LLC.,6
Tall City Operations III LLC,6
TRP Operating LLC,6
Summit Energy Management,6
Strat Land Exploration Co,6
Stephens & Johnson Operating Co.,6
"Stasney Well Service, LLC",6
"Southwest Royalties, Inc.",6
Sinclair Oil & Gas Company,6
Seaboard Operating Co.,6
Rockies Resources Holdings LLC,6
"Quantum Resources Management, LLC",6
"PureWest Resources, Inc",6
"Point Energy Partners Operating, LLC",6
Petroplex Energy Inc.,6
Permian Resources,6
"Moriah Operating, LLC",6
Lario Oil & Gas Company,6
"Land and Natural Resource Development, Inc",6
"Killam Oil Co., Ltd.",6
"KODA Resources Operating, LLC",6
"Jay-Bee Oil & Gas, Inc.",6
"JMH Production, LLC",6
Interstate Explorations LLC,6
"Independence Resources Management, LLC.",6
"IKE Operating, LLC",6
Gordy Oil Company,6
"Founders Oil & Gas Operating, LLC",6
Equinor Texas Onshore Properties LLC,6
"EagleRidge Energy, LLC",6
"EXCO/HGI JV Assets, LLC",6
Crawley Petroleum,6
"Cholla Petroleum, Inc.",6
"Choice Exploration, Inc.",6
"Caza Operating, LLC",6
Canvas Energy LLC,6
Cantera Operating LLC,6
"Calyx Energy, LLC",6
"Buffco Production,Inc",6
BNK Petroleum (US) Inc,6
"Axia Energy, LLC",6
"Axia Energy II, LLC",6
Augustus Energy Resources LLC,6
"Walsh Petroleum, Inc.",5
"VirTex Operating Company, Inc.",5
"Veritas Energy, LLC",5
"VTX Energy Operating, LLC",5
VENADO OPERATING COMPANY LLC,5
"TreadStone Energy Partners Operating, LLC",5
Stout Energy Inc.,5
Statoil USA Onshore Properties Inc.,5
"S. B. STREET OPERATING, INC.",5
Ridgemar Energy LLC,5
Recoil Resources Operating Inc.,5
"R. Lacy Services, LTD",5
Quicksilver Resources Inc.,5
Primexx Operating Corporation,5
Primexx Operating,5
"Phoenix PetroCorp, Inc.",5
Petro Harvester Operating Company LLC,5
"PayRock Energy, LLC",5
Olympus Energy,5
"OAK Valley Operating, LLC",5
Murex Petroleum Corp.,5
"MM Energy, Inc.",5
"Luxe Operating, LLC",5
"Lonestar Resources, Inc.",5
"Legacy Oil & Gas ND, Inc.",5
"Laredo Energy Operating, LLC",5
"LOGOS Operating, LLC",5
"L.E. Jones Operating, Inc.",5
JMA ENERGY COMPANY,5
"INR Operating, LLC",5
"Husky Ventures, Inc.",5
"Holmes Exploration, LLC",5
"GeoSouthern Operating II, LLC",5
Firebird Energy,5
FELIX ENERGY LLC,5
"Escondido Resources II, LLC",5
Cutbow Operating LLC,5
"Contango Resources, Inc.",5
"Canyon Creek Energy Operating, LLC",5
"CRIMSON ENERGY PARTNERS IV, LLC",5
Black Swan Oil & Gas,5
"Bison Oil & Gas II, LLC",5
"Big Star Oil & Gas, LLC",5
"BC Operating, Inc.",5
donray petroleum llc.,4
Zarvona Energy,4
Warren American Oil Company,4
"Wapiti Operating, LLC",4
"Vitruvian Exploration II, LLC",4
Vermilion Energy USA LLC,4
Venture Oil & Gas,4
Venado Oil & Gas LLC,4
Vantage Energy Appalachia II LLC,4
True Oil LLC,4
True Oil Company LLC,4
Tema Oil and Gas Company,4
"Tamarack Petroleum Company, Inc.",4
"Staghorn Petroleum II, LLC",4
Spring Operating Company,4
Spess Oil Company,4
SK E&P Operations America,4
Revolution Resources,4
Red Bluff Resources,4
RK Petroleum Corp.,4
R2Q Operating LLC,4
Protege Energy III LLC,4
Prime Operating Company,4
"Price Operating, LLC",4
"Plymouth Exploration, LLC",4
"Pillar EFS, LLC",4
Payne Exploration Company,4
"Pablo Energy II, LLC",4
"Ovintiv Production, Inc.",4
"MWS Producing, Inc.",4
Laredo Energy,4
King Operating Corporation,4
Inflection Energy (PA) LLC,4
Harmonia Petroleum Corporation,4
"Green Century Exploration & Production, LLC",4
Gastar Exploration Inc.,4
"GULF EXPLORATION, L.L.C.",4
FORMENTERA OPERATIONS LLC,4
"FDL Operating, LLC",4
Extex Operating Company,4
Equinor USA Onshore Properties Inc.,4
"Empresa Operating, LLC",4
Elm Ridge Exploration Co LLC,4
"EAGLE ROCK MID-CONTINENT OPERATING, LLC",4
"Driftwood Energy Operating, LLC",4
Corinthian Exploration (USA) Corp.,4
"Comanche Exploration Co., LLC",4
"Clear Fork, Inc.",4
Catamount Energy Partners,4
"Capstone Natural Resources, LLC",4
"Cambrian Management, Ltd",4
"Bruin E&P Operating, LLC",4
BlueStem Energy,4
Baytex Energy USA Ltd,4
BARROW-SHAVER RESOURCES CO.,4
"Worsham-Steed Gas Storage, LLC",3
Wishbone Texas Operating Co.,3
"Western Chief Operating, LLC",3
Ward Petroleum,3
Walter Exploration Company,3
"Walsh & Watts, Inc.",3
WILLIAMS OIL COMPANY,3
WBH Energy Partners LLC,3
Upland Operating LLC,3
"Twisted Oak Operating, LLC",3
"Tribune Resources, LLC",3
"Treadstone Energy Partners, LLC",3
"Three Span Oil & Gas, Inc.",3
"The Quintin Little Company, Inc.",3
Texegy Operating Company LLC,3
Texas Secondary Oilfield Services,3
TALL CITY OPERATIONS LLC,3
"TACOR Resources, Inc.",3
Stephens Production Company,3
Steller Energy & Investment Corp,3
"Silverback Operating, LLC",3
"Silver Hill Energy Partners, LLC",3
"Sierra Resources, LLC",3
"SEG Williston, LLC",3
Rocky Top Energy,3
Renos Land and Minerals Company,3
RKR Exploration Inc,3
"REOC, LLC",3
"Pursuit Oil & Gas STX, LLC",3
Pine Wave Energy Partners,3
"Peterson Energy Operating, Inc.",3
PINEDALE ENERGY PARTNERS OPERATING LLC,3
"PBEX Operations, LLC",3
Opal Resources Operating Company,3
NorthStar Operating Company,3
Navidad Resources LLC,3
"Murfin Drilling Company, Inc.",3
Murchison Oil & Gas Inc,3
"Mueller Exploration, Inc.",3
"McElvain Energy, Inc.",3
MD America Energy LLC,3
"Legacy Exploration, LLC I",3
Koda Operating,3
K.P. Kauffman Company,3
JKLM ENERGY,3
"JAMEX, Inc.",3
International Energy Corporation of Northern Oklahoma,3
"ICA Energy Operating, LLC",3
"Hogback Exploration, Inc",3
Hibernia Resources IV LLC,3
HWH DRILLING LLC,3
HB2 Eneregy,3
Gunn Oil Company,3
Grenadier Energy Partners II,3
GeoSouthern Energy Corporation,3
Ganador Operaing LLC,3
Fulcrum Energy Operating LLC,3
"Freedom Production, Inc.",3
FourPoint Resources LLC,3
"Foundation Energy Management, LLC",3
Fivestones Energy LLC,3
FOUR CORNERS PETROLEUM,3
El Toro Resources LLC,3
"EMEP Operating, LLC",3
"EF Energy, LLC",3
Diversified Production LLC,3
Dick Lindsay Oil Co,3
"DE Central Operating, LLC",3
"Covenant Operating, LLC",3
Council Oak Resources,3
Confluence DJ LLC,3
"Cisco Operating, LLC",3
"Capstone Natural Resources II, LLC",3
"Canan Operating, Inc.",3
California Resources Corporation,3
CGS Operating,3
CBP Operating LLC,3
"Browning Oil Company, Inc.",3
Broad Oak Energy II LLC,3
"Brammer Engineering, Inc.",3
"Bold Operating, LLC",3
"Boaz Energy II Operating, LLC",3
BlueStone Natural Resources,3
"Blue Dome Operating, LLC",3
"Blue Dolphin Production, LLC",3
Black Hills Exploration and Production,3
"Beryl Oil and Gas, LP",3
Berexco LLC,3
"Bedrock Production, LLC",3
"Ballard Exploration Company, Inc.",3
BRG Petroleum LLC,3
Auterra Resources,3
"Atoka Operating, Inc.",3
"Arrow S Energy Operating, LLC",3
"Armor Energy, LLC",3
"Apex Natural Gas, LLC",3
Altamont Energy,3
"Wesco Operating, Inc.",2
Weins Oil & Gas LLC,2
Weaver Energy Corporation,2
"Wave Petroleum Operating, LLC",2
"Warrior Met Coal Gas, LLC",2
Walter Oil & Gas Corporation,2
Walter Black Warrior Basin LLC,2
"WEM Operating, LLC",2
"Vitruvian Exploration IV, LLC",2
"Verado Energy, Inc.",2
"Valpoint Operating, LLC",2
Validus Energy II Midcon,2
VALIDUS NRG AQUILAS ASSETCO LLC,2
V-F Petroleum Inc.,2
U.S. Energy Development Corp,2
Troubadour Operating,2
"Triumph Exploration, Inc.",2
Triumph Energy Partners LLC,2
Trail Ridge Energy Partners II LLC,2
"Tracker Resource Dev III, LLC",2
"Tilford Pinson Exploration, LLC",2
"Tidal Petroleum, Inc.",2
Territory Resources,2
Terrace Energy,2
"Tecolote Energy Operating, LLC",2
Teal Natural Resources,2
Tascosa Energy Partners LLC.,2
"Tarka Energy, LLC",2
"TXP, Inc.",2
THE DEHART COMPANY,2
"TAQA North USA, Inc.",2
Summit Oil & Gas,2
Sponte Operating,2
"Sandpoint Operating, LLC",2
"SV Energy Company, LLC",2
STRATA PRODUCTION COMPANY,2
"SOGC, Inc.",2
"SK Plymouth, LLC",2
"SHD Oil & Gas, LLC",2
SG Interests I Ltd.,2
"Royalty Land & Dev. Co., Inc.",2
Rover Operating,2
"Rocky Creek Resources, LLC",2
Rockport Energy Solutions LLC,2
"Rockdale Marcellus, LLC",2
"Roberson Oil Company, Inc.",2
Rife Energy Operating,2
"Resource Oil and Gas, LLC",2
"Renegade Oil & Gas Company, LLC",2
Redwood Operating LLC,2
"Red Willow Production, LLC",2
"RFE Operating, LLC",2
"Quanah Panhandle, LLC",2
Primary Natural Resources III,2
"Premier Natural Resources II, LLC",2
"Petro Operating Company, LLC",2
Percussion Petroleum LLC,2
"Panther Energy Co. II, LLC",2
"Paloma Permian AssetCo, LLC",2
Palm Oil & Gas Company,2
"Pacesetter Energy, LLC",2
PCORE Exploration & Production LLC,2
"Oil Search Alaska, LLC",2
"Oakridge Oil and Gas, LP",2
OSBORN HEIRS COMPANY,2
"O'Benco, Inc.",2
"North Silo Resources, LLC",2
Nickel Road Operating LLC,2
New Dominion LLC,2
Nadel and Gussman,2
NWE,2
NBL Permian LLC,2
Mustang Fuel Corporation,2
"Muirfield Exploration, Ltd.",2
Mr.,2
"Mountaineer Keystone, LLC",2
Mountain Divide LLC,2
Mitsui E&P,2
Memorial Resource Development LLC,2
"Marlin Energy Resources, LLC",2
Macha Enterprises Inc,2
"MECO IV, LLC",2
MDC TEXAS ENERGY,2
MACKELLAR INC,2
"Limestone Exploration II, LLC",2
Lighthouse Oil & Gas LP,2
"Legend Natural Gas, LLC",2
"Lawrence County Gas, LLC",2
"Latigo Petroleum, LLC",2
"Latigo Oil & Gas, Inc.",2
"Lakota Energy, LTD.",2
La Vernia Oil,2
"LP Operating, LLC",2
"KJ Energy, LLC",2
Joint Resource Company,2
Johnson & Ernst Operating Co.,2
"Jilpetco, Inc.",2
Jerry Hess Operating Company,2
"Ironwood Oil and Gas, LLC",2
Infinity Natural Resources,2
Incline Energy,2
ImPetro Operating LLC,2
"Huntington Energy, L.L.C.",2
"HW Operating, LLC",2
HOG OPERATING LLC,2
Gunnison Energy LLC,2
"GulfTex Energy III, LP",2
Grynberg Petroleum,2
Greystone Oil & Gas LLP,2
Greylock Production LLC,2
"Gasco Energy, Inc.",2
"Garry Davis Oil, LLC",2
GMT EXPLORATION,2
"Fuse Energy, LLC",2
"Freedom Operating Company, LLC",2
"Fossil Petroleum, LLC",2
"Forza Operating, LLC",2
"FireWheel Operating, LLC",2
Fairway Resources Op. LLC,2
"FLAMINGO OPERATING, LLC",2
"Estancia Oil & Gas, LLC",2
"Element Petroleum OP III,LLC",2
Eagle Oil & Gas co.,2
"Eagle Exploration Production, LLC",2
Eagle Energy Acquisitions LP,2
Dugan Production Corp.,2
Derby Exploration,2
Daylight Petroleum LLC,2
"Cross Timbers Energy, LLC",2
Crimson Exploration Oper. Inc.,2
"Courson Oil & Gas, Inc.",2
Command,2
Comanche Resources Company,2
"Circle-S Energy, LLC",2
Cinco Natural Resources Corporation,2
Champion Lone Star Operating,2
"Central Resources, Inc.",2
"Carrera Energy, LLC",2
"Caird Operating, LLC",2
CH4-Finley Operating LLC,2
CEP MID-CONTINENT LLC,2
Broad Oak Energy II llc,2
"Brigham Resources Operating, LLC",2
BreitBurn Operating LP,2
"Blake Production Company, Inc.",2
"BlackBrush O & G, Inc.",2
"Black Raven Energy, Inc.",2
"Banner Oil & Gas, LLC",2
"Badlands Energy - Utah, LLC",2
BROOKSTON ENERGY ETX-NLA,2
BRG Lone Star LTD,2
BKV Operating LLC,2
BBX Operating,2
"BASA Resources, Inc.",2
"B. R. Polk, Inc.",2
Australis TMS Inc.,2
"Aurora USA Developement, LLC",2
Atlas Operating-LLC,2
Atlantic Resources Company LLC,2
Atlantic Exploration,2
"Atalaya Resources, LLC",2
"Apollo Operating, LLC",2
Apex Energy LLC,2
"Amistad Energy Services, LLC",2
"American Energy - Utica, LLC",2
"Alchemist Energy, LLC",2
"Ajax Resources, LLC",2
"3R OPERATING, LLC",2
winfield Operating company,1
king energy llc,1
bracken operating llc,1
Zeal Production Company,1
"Yucca Energy, Inc.",1
Younger Energy Company,1
"Yale Oil Association, Inc.",1
Woodbine Acquisition LLC,1
Wildhorse Operating Company,1
White Knight Production LLC,1
"Weinkauf Petroleum, Inc.",1
"Wagon Wheel ArkLaTex, LLC",1
"WG Operating, Inc.",1
"WFW Production Company, Inc.",1
WFD Oil Corporation,1
Vine Energy Operating LP,1
"Viejo Energy I, LLC",1
Vess Oil Corp,1
Vantage Energy Appalachia LLC,1
Vanguard Permian LLC,1
"Vanguard Operating, LLC",1
"Vanguard Natural Resources, LLC",1
Van Operating,1
Valley Petrol Consulting Inc,1
Utah Gas Corporation,1
Upland Exploration LLC,1
"Truevine Operating, LLC",1
"Trinity River Energy Operating, LLC",1
Trinity Gas Storage,1
"Trilogy Operating, Inc.",1
"Triad Energy, Inc.",1
"Tri-C Resources, LLC",1
Trendwell Energy Corp,1
"Trek Resources, Inc.",1
Trans Pacific Oil Corp.,1
Toklan Oil and Gas Corporation,1
"Titan Exploration, LLC",1
Timber Creek Operating,1
"Thunder Oil & Gas, LLC",1
Throne Petroleum,1
Three Rivers Operating Co III LLC,1
"The Cumming Company, Inc.",1
"Texakoma E&P, LLC",1
Templar Operating LLC,1
Tellurian Operating LLC,1
Tekton Energy,1
Tecpetrol Operating LLC,1
Tacitus LLC,1
TXON Partners LLC,1
"THE EDMAR COMPANY, LLC",1
Superior Production LLC,1
Sunshine Valley Petroleum Corp,1
SunRay Operating Co. Inc.,1
Summit Discovery Res II LLC,1
"Stroud Petroleum, Inc.",1
"Strand Energy, L.C.",1
"Story Oil & Gas, Inc.",1
"Stone Oak Operating, LLC",1
"Star Point Enterprises, Inc.",1
Special Energy Corporation,1
"Southwest Resources, Inc.",1
Southwest Operating,1
Sooner Oil and Gas Mgt Inc,1
"Solaris Water Midstream, LLC",1
Smith Production,1
Silver Tusk Operating Co. LLC,1
"Silver Creek Permian OP CO, LLC",1
Siena Natural Resources,1
"Shenandoah Resources, LLC",1
ShadowPeak Operating LLC,1
"Sequel Energy, LLC",1
"Sellers Lease Service, Inc",1
Scala Energy Operating LLC,1
Saddleback Exploration,1
"Sabalo Exploration Operating,LLC",1
SWJN Oil Company,1
SIMCOE LLC,1
SGP Operating LLC,1
"SDX Resources, Inc.",1
"SCO Permian, LLC",1
"Ruckus Energy Operating, LLC",1
Rockcliff Energy Operating III LLC,1
Rock Oil Company,1
"Robert L. Bayless, Producer LLC",1
"Riviera Operating, LLC",1
"Riverside Midstream Water Resources, LLC",1
"Rising Star Energy Partners, L.L.C.",1
"Rio Grande E&P II, LLC",1
"Riley Exploration, LLC",1
"Reynolds E & P, Inc",1
Reverence Operating LLC,1
"Replay Energy Assets, LLC",1
Relentless Permian Operating LLC,1
Reign Operating LLC,1
"Reid Williams Operating, Inc.",1
"Redland Resources, Inc.",1
"Redemption Oil & Gas, LLC",1
Red Wolf Operating,1
Red Tail Exploration,1
"Ray Richey Managment Company, Inc.",1
"Raw Oil & Gas, Inc.",1
Ranger  O&G,1
Ramtex Energy LLC,1
"Ram Fayette, LLC",1
Rainbow Seven Oil and Gas,1
"ROX Exploration, Inc.",1
"RLU Operating, LLC",1
"RKI Energy Resources, LLC",1
RANKEN ENERGY CORPORATION,1
"R. Baker Oil, LLC",1
"Quail Ridge Operating, LLC",1
"Q P, Inc.",1
"Pursuit Oil & Gas, LLC",1
Prospect,1
Premier Oil & Gas Incorporated,1
Prairie Gas Company of Oklahoma,1
Pollok Energy,1
"Polaris Operating, LLC",1
Pinon Operating LLC,1
"Petron Energy II, Inc.",1
PetroShare Corp,1
"PetroPoint Energy Operating, LLC.",1
"PetroEdge Energy IV, LLC",1
Periscope Operating LLC,1
"Pennington Oil & Gas Interests, LLC",1
"Pedestal Oil Company, Inc.",1
"PayRock II, LLC",1
Paul Gillham Oil Company,1
"Parten Operating, Inc.",1
Paladin Petroleum III LLC,1
"PT Petroleum, LLC.",1
POCO Operating,1
"PHOENIX OIL & GAS, INC.",1
"PGP Operating, LLC",1
PETEX,1
PAK Energy LLC,1
"P.O.&G. Operating, LLC",1
Osage Exploration and Development,1
Opus Operating II LLC,1
Omimex Petroleum Inc.,1
Okland Oil Company,1
"Oak Prairie Operations, LLC",1
"Northfield Enterprises, Inc.",1
"North Plains Energy, LLC",1
"Newkumet Exploration, Inc.",1
"New Century Operating, LLC",1
"New Century Exploration, Inc.",1
"Navidad Operating Company, LLC",1
"Nadel and Gussman Permian, LLC",1
NGO Development Corporation,1
Mustang Holding LLC,1
Musgrove Energy Inc.,1
MorningStar Operating LLC,1
"Modern Exploration, Inc.",1
"Mineral Resources, Inc",1
Millennial Energy Partners,1
Midville Energy,1
Mid-States Operating Company,1
"Mesa Energy Partners, LLC",1
"Mercury Operating, LLC",1
Memorial Production Oper. :LLC,1
McCommons Oil Company,1
Matrix Petroleum LLC,1
"Mammoth Exploration, LLC",1
"Magpie Operating, Inc",1
"Magnum Producing, LP",1
Magnum Hunter Resources Corp,1
MENDELL FINISTERRE II LLC,1
"MDS Energy, Ltd",1
"MB Energy, LLC",1
"M. E. Operating and Services, Inc.",1
"Longs Peak Resources, LLC",1
Locin Oil Corporation,1
Little Thunder,1
Liberty Resources LLC,1
Lewis Operating Co.,1
"Lewis Oil Operations, LLC",1
Layline Petroleum,1
"Lakeshore Operating, LLC",1
"Lainco, Inc.",1
Lacrosse Exploration LLC,1
"LINCOLN VENTURES, LLC",1
LADD OIL & GAS CORPORATION,1
"Kirkpatrick Oil Company, Inc",1
Kirkpatrick Oil Company,1
Kentex Worland LLC,1
"Kenneth W. Cory, Ltd.",1
Kelly Cook Oil LLC,1
KWR Ventures,1
KGH Operating Company,1
"KA Energy Op Co., LLC",1
"K S OIL COMPANY, INC",1
Jimmy Chatham Oil & Gas,1
"JEC Operating, LLC",1
J-W Operating Company,1
"Iron Star Energy, LLC",1
INEOS USA Oil & Gas LLC,1
Huntley &amp; Huntley Energy Exploration,1
Hominy Consulting LLC,1
"Helis Oil & Gas Company, L.L.C.",1
Helios Operating LLC,1
Heights Energy Corporation,1
"Hannathon Petroleum II, LLC",1
"Halc?n Operating Co., Inc.",1
H.L. Brown Operating,1
"H&L Exploration Company, LLC",1
Gulf Pine Energy,1
Greg Hall Oil and Gas,1
Great Bear Petroleum Operating LLC,1
Great Bear Pantheon LLC,1
"Grand Operating, Inc.",1
Grand Mesa Operating Company,1
"GeoSurveys, Inc.",1
"Gary Permian, LLC",1
"Gaedeke Oil & Gas Operating, LLC",1
"G&F Oil, Inc.",1
"Fundare Resources Operating Company, LLC",1
Fox Northeastern Oil & Gas Corporation,1
Forty Acres Energy LLC,1
"Fortay, Inc.",1
"Fontainebleau Operating, LLC",1
Flat Creek Resources LLC,1
"First Ascent Operating, LLC",1
"Fidgets Energy, LLC",1
"Felty Drilling Co., Inc.",1
Felderhoff Production Co,1
Faulconer Energy,1
"Far West Development, LLC",1
"Fairway Resources Operating III, LLC",1
"FX ENERGY OPERATING, LLC",1
FHA Operating,1
Excalibur Reserouces,1
"ExTech Operating, LLC",1
"Epic Permian Operating, LLC",1
"EnergyQuest II, LLC",1
Energy Management Co.,1
Endurance Resources LLC,1
Endeavour Operating Corp,1
"EnCore Permian Operating, LLC",1
Emerald Oil LLC,1
"Ellis Exploration, Inc.",1
Elk River Resources,1
Elephant Oil and Gas,1
Eastok Energy Partners LLC,1
Eagle Road Oil LLC,1
ENTERPRISE ENERGY EXPLORATION INC.,1
EE3 LLC,1
"EDF Trading Resources, LLC",1
"E.G.L. Resources, Inc.",1
"Dunamis Energy Operating, LLC",1
"Dry Fork Production Co., LLC",1
Dinero Operating,1
"Dick Lindsay Oil Co., Inc.",1
"Dexxon, Inc.",1
"Delta CO2, LLC",1
Davis Southern Operating Co,1
"Davidson Energy, Inc.",1
"Dash Operating, LLC",1
"Dallas Production, Inc",1
"Dallas Petroleum Group, LLC",1
"DAHCO Operating, LLC",1
Cummings Oil Company,1
Crose Oil Company,1
"Crimson Energy Partners III, LLC",1
"Craig Elder Oil and Gas, L.L.C.",1
"Covey Park Operating, LLC",1
Covey Park Gas,1
"Coronado Energy Partners, LLC",1
Cornerstone Natural Resources,1
Corlena Oil Company,1
Copestone Operating LLC,1
Condor Energy Technology LLC,1
Clay Hamilton,1
Civitas North LLC,1
Citrus Energy Corporation,1
Cirque Resources LP,1
Circle 9 Resources LLC,1
"Cinco Oil & Gas, LLC",1
"Century Exploration Houston, LLC",1
"Catena Resources Operating, LLC",1
Castlerock Exploration,1
Cascade Petroleum,1
Carl E. Gungoll Exploration LLC,1
Campbell Oil & Gas. Inc,1
"CPX Energy Operating, LLC",1
CP Exploration,1
"CML Exploration, LLC",1
"CHISHOLM ENERGY OPERATING, LLC",1
"CCRP Operating, Inc.",1
"CBL Resources, LLC",1
"Butler Petroleum, LLC",1
"Butkin Oil Company, LLC",1
"Burleson Petroleum, Inc. ",1
"Burk Royalty Co., LTD.",1
"Bullet Development, LLC",1
Bryan Henderson Co,1
Brown Oil & Gas,1
Bridon Energy LLC,1
Brahman Resource Partners LLC,1
Bowline Energy LLC,1
Borderline Operating Corp,1
Bluescape Resources,1
"Blue Water TPX Operating Co., LLC",1
"Blue Quail , LTD",1
Blue Devil Exploration LLC,1
Blue Cedar Energy,1
"Blakenergy Operating, LLC",1
"BlackWell Exp & Development, LLC",1
BlackRidge Resource Partners,1
Black Mountain STX I LLC,1
"Billy Jack Sharber Operating, LLC",1
"Betro, Inc.",1
"Best Petroleum Explorations, Inc.",1
"Bennett Resources, Inc.",1
Bend Petroleum Corp,1
"Beacon E&P Company, LLC",1
"Barber Oil, LLC",1
Banner Resources LLC,1
"Bainbridge Uinta, LLC",1
BVX OPerating Inc.,1
"BLS Production Co., Inc.",1
"BBL OPERATING COMPANY, LLC",1
"BAM Permian Operating, LLC",1
"B&W Operating, LLC",1
"Axia Energy III, LLC",1
"Avalon Operating, LLC",1
"Augustus Energy Partners II, LLC",1
"Atoka Operating Permian, LLC",1
"Atlantic Operating, Inc.",1
Arrowhead Energy Inc.,1
"Arnold Oil Properties, LLC",1
"Arkland Producing Co., Inc.",1
Ares Energy Ltd,1
Ardmore Production & Exploration Co.,1
"Arcadia Operating, LLC",1
"Appalachian Energy, Inc.",1
Anderson Oil Ltd,1
Amplify Energy Corp,1
American Energy Utica,1
"American Energy - Marcellus, LLC",1
"Ageron Ironroc Energy, LLC",1
"Agave Oil & Gas, LLC",1
"Adventure Operating Company, LLC",1
Accumulate Energy Alaska Inc,1
"Acadia Oil, LLC",1
"AMTEX ENERGY, INC",1
AM Idaho,1
AEXCO Petroleum Inc.,1
"ABARTA Oil & Gas Co., Inc.",1
89 Energy,1
1776 Energy Operators,1
